P(A ∩ B) % of total, BNS, ELTA, 15min.lt, delfi.lt, diena.lt, gmail.com, google.lt, lnk.lt, lrytas.lt, lrt.lt, tv3.lt, vz.lt, zmones.lt, BeReal, Discord, Facebook, Instagram, Linkedin, Pinterest, Reddit, Snapchat, Telegram, Threads, Tik ToK, Tinder, VK, X, BasketNews, Bazaras? Bazaras!, Čia tik tarp mūsų, Kitokie pasikalbėjimai, Klajumo kanalas, Nepatogūs klausimai, Nesiaukite, Penktas kėlinys, PIN (Pradėk iš naujo), Pralaužk vieną šaltą, Proto Industrija, Proto pemza, Savaitės rifas, Tapk geresniu, Vėl tie patys, 15min Klausyk, 3Play / TV3 Play, Amazon Prime, Apple TV, Delfi TV, Disney+, Go3, HBO, Youtube, Laisvės TV, lnk.lt / LNK Go, Lrytas TV, LRT Epika, LRT Mediateka, Netflix, Spotify, Telia Play, Twitch, Žmonės Cinema
BNS, 0.10, 0.07, 0.07, 0.07, 0.06, 0.09, 0.07, 0.06, 0.07, 0.09, 0.06, 0.07, 0.05, 0.05, 0.05, 0.09, 0.06, 0.05, 0.05, 0.04, 0.05, 0.07, 0.04, 0.06, 0.04, 0.05, 0.06, 0.05, 0.03, 0.04, 0.06, 0.04, 0.04, 0.04, 0.03, 0.05, 0.04, 0.03, 0.04, 0.05, 0.05, 0.05, 0.05, 0.06, 0.04, 0.06, 0.07, 0.05, 0.07, 0.04, 0.08, 0.06, 0.04, 0.05, 0.07, 0.07, 0.05, 0.06, 0.05, 0.04, 0.04
ELTA, 0.07, 0.10, 0.08, 0.07, 0.07, 0.09, 0.08, 0.06, 0.07, 0.08, 0.07, 0.06, 0.06, 0.05, 0.05, 0.09, 0.06, 0.04, 0.05, 0.04, 0.04, 0.06, 0.04, 0.06, 0.03, 0.04, 0.05, 0.05, 0.03, 0.04, 0.05, 0.03, 0.05, 0.04, 0.03, 0.05, 0.04, 0.03, 0.04, 0.05, 0.05, 0.06, 0.05, 0.05, 0.04, 0.06, 0.06, 0.05, 0.07, 0.04, 0.08, 0.06, 0.05, 0.05, 0.06, 0.07, 0.05, 0.05, 0.05, 0.04, 0.04
15min.lt, 0.07, 0.08, 0.43, 0.35, 0.09, 0.40, 0.40, 0.18, 0.25, 0.23, 0.23, 0.12, 0.10, 0.04, 0.07, 0.39, 0.23, 0.09, 0.12, 0.06, 0.07, 0.13, 0.06, 0.17, 0.05, 0.04, 0.07, 0.07, 0.04, 0.05, 0.10, 0.04, 0.12, 0.05, 0.04, 0.05, 0.05, 0.04, 0.05, 0.05, 0.05, 0.08, 0.12, 0.14, 0.04, 0.05, 0.17, 0.05, 0.17, 0.05, 0.37, 0.09, 0.14, 0.12, 0.11, 0.16, 0.10, 0.11, 0.09, 0.05, 0.05
delfi.lt, 0.07, 0.07, 0.35, 0.49, 0.09, 0.46, 0.47, 0.20, 0.29, 0.26, 0.23, 0.13, 0.10, 0.04, 0.08, 0.45, 0.26, 0.10, 0.13, 0.07, 0.07, 0.13, 0.07, 0.18, 0.05, 0.04, 0.07, 0.06, 0.04, 0.05, 0.10, 0.04, 0.12, 0.05, 0.04, 0.05, 0.05, 0.04, 0.05, 0.06, 0.06, 0.08, 0.11, 0.15, 0.04, 0.05, 0.19, 0.04, 0.18, 0.05, 0.43, 0.09, 0.14, 0.12, 0.12, 0.18, 0.11, 0.12, 0.10, 0.04, 0.05
diena.lt, 0.06, 0.07, 0.09, 0.09, 0.12, 0.11, 0.09, 0.08, 0.09, 0.10, 0.09, 0.07, 0.07, 0.04, 0.05, 0.11, 0.07, 0.05, 0.06, 0.04, 0.03, 0.06, 0.04, 0.06, 0.04, 0.04, 0.05, 0.05, 0.03, 0.04, 0.05, 0.03, 0.06, 0.04, 0.03, 0.05, 0.04, 0.03, 0.04, 0.04, 0.04, 0.05, 0.05, 0.06, 0.04, 0.05, 0.07, 0.04, 0.07, 0.04, 0.10, 0.06, 0.06, 0.05, 0.07, 0.08, 0.05, 0.06, 0.06, 0.04, 0.04
gmail.com, 0.09, 0.09, 0.40, 0.46, 0.11, 0.88, 0.79, 0.23, 0.32, 0.34, 0.30, 0.15, 0.12, 0.06, 0.15, 0.82, 0.46, 0.14, 0.26, 0.11, 0.15, 0.26, 0.12, 0.34, 0.06, 0.07, 0.12, 0.09, 0.07, 0.07, 0.15, 0.06, 0.16, 0.07, 0.05, 0.07, 0.07, 0.05, 0.07, 0.09, 0.08, 0.14, 0.13, 0.22, 0.06, 0.07, 0.21, 0.07, 0.32, 0.06, 0.75, 0.13, 0.18, 0.14, 0.16, 0.23, 0.16, 0.21, 0.14, 0.07, 0.05
google.lt, 0.07, 0.08, 0.40, 0.47, 0.09, 0.79, 0.84, 0.23, 0.32, 0.32, 0.29, 0.14, 0.11, 0.05, 0.14, 0.78, 0.44, 0.13, 0.23, 0.11, 0.14, 0.24, 0.11, 0.32, 0.06, 0.05, 0.10, 0.09, 0.06, 0.06, 0.14, 0.05, 0.16, 0.06, 0.05, 0.06, 0.06, 0.05, 0.06, 0.07, 0.07, 0.11, 0.12, 0.21, 0.04, 0.06, 0.21, 0.05, 0.30, 0.05, 0.72, 0.12, 0.18, 0.14, 0.15, 0.22, 0.15, 0.19, 0.14, 0.06, 0.05
lnk.lt, 0.06, 0.06, 0.18, 0.20, 0.08, 0.23, 0.23, 0.24, 0.18, 0.16, 0.18, 0.09, 0.09, 0.04, 0.05, 0.23, 0.15, 0.06, 0.09, 0.04, 0.05, 0.08, 0.05, 0.13, 0.04, 0.04, 0.05, 0.06, 0.03, 0.04, 0.07, 0.03, 0.08, 0.04, 0.04, 0.05, 0.04, 0.03, 0.03, 0.05, 0.05, 0.05, 0.09, 0.12, 0.04, 0.05, 0.14, 0.04, 0.13, 0.04, 0.22, 0.07, 0.14, 0.10, 0.09, 0.13, 0.07, 0.07, 0.07, 0.04, 0.04
lrytas.lt, 0.07, 0.07, 0.25, 0.29, 0.09, 0.32, 0.32, 0.18, 0.34, 0.21, 0.21, 0.11, 0.09, 0.04, 0.06, 0.32, 0.18, 0.07, 0.11, 0.05, 0.05, 0.11, 0.06, 0.13, 0.04, 0.04, 0.06, 0.06, 0.03, 0.04, 0.08, 0.04, 0.08, 0.04, 0.04, 0.05, 0.04, 0.03, 0.04, 0.05, 0.05, 0.06, 0.09, 0.13, 0.04, 0.05, 0.15, 0.04, 0.15, 0.04, 0.31, 0.08, 0.12, 0.11, 0.10, 0.15, 0.08, 0.09, 0.08, 0.05, 0.04
lrt.lt, 0.09, 0.08, 0.23, 0.26, 0.10, 0.34, 0.32, 0.16, 0.21, 0.36, 0.19, 0.12, 0.10, 0.06, 0.09, 0.34, 0.21, 0.10, 0.11, 0.07, 0.07, 0.12, 0.07, 0.16, 0.05, 0.05, 0.08, 0.08, 0.04, 0.05, 0.09, 0.04, 0.10, 0.05, 0.04, 0.06, 0.05, 0.04, 0.06, 0.07, 0.07, 0.08, 0.09, 0.13, 0.04, 0.07, 0.16, 0.06, 0.16, 0.05, 0.31, 0.12, 0.13, 0.11, 0.14, 0.21, 0.10, 0.12, 0.10, 0.06, 0.05
tv3.lt, 0.06, 0.07, 0.23, 0.23, 0.09, 0.30, 0.29, 0.18, 0.21, 0.19, 0.32, 0.10, 0.09, 0.04, 0.07, 0.29, 0.19, 0.07, 0.11, 0.05, 0.07, 0.10, 0.06, 0.15, 0.04, 0.04, 0.07, 0.06, 0.04, 0.05, 0.09, 0.04, 0.10, 0.04, 0.04, 0.05, 0.04, 0.04, 0.04, 0.05, 0.05, 0.08, 0.09, 0.16, 0.04, 0.05, 0.15, 0.05, 0.16, 0.04, 0.27, 0.08, 0.14, 0.10, 0.10, 0.14, 0.08, 0.10, 0.08, 0.05, 0.05
vz.lt, 0.07, 0.06, 0.12, 0.13, 0.07, 0.15, 0.14, 0.09, 0.11, 0.12, 0.10, 0.16, 0.07, 0.04, 0.05, 0.15, 0.10, 0.06, 0.07, 0.04, 0.05, 0.07, 0.04, 0.09, 0.03, 0.04, 0.05, 0.05, 0.03, 0.04, 0.06, 0.04, 0.06, 0.04, 0.03, 0.04, 0.04, 0.04, 0.04, 0.04, 0.04, 0.05, 0.06, 0.07, 0.04, 0.05, 0.09, 0.04, 0.09, 0.04, 0.14, 0.07, 0.07, 0.06, 0.08, 0.09, 0.07, 0.06, 0.07, 0.04, 0.04
zmones.lt, 0.05, 0.06, 0.10, 0.10, 0.07, 0.12, 0.11, 0.09, 0.09, 0.10, 0.09, 0.07, 0.12, 0.04, 0.05, 0.12, 0.09, 0.04, 0.06, 0.04, 0.04, 0.05, 0.04, 0.08, 0.03, 0.04, 0.04, 0.04, 0.03, 0.04, 0.06, 0.03, 0.06, 0.04, 0.03, 0.05, 0.04, 0.03, 0.04, 0.04, 0.04, 0.05, 0.06, 0.08, 0.03, 0.05, 0.08, 0.04, 0.08, 0.04, 0.11, 0.06, 0.06, 0.06, 0.06, 0.08, 0.05, 0.05, 0.05, 0.04, 0.04
BeReal, 0.05, 0.05, 0.04, 0.04, 0.04, 0.06, 0.05, 0.04, 0.04, 0.06, 0.04, 0.04, 0.04, 0.07, 0.05, 0.06, 0.04, 0.04, 0.05, 0.04, 0.04, 0.05, 0.04, 0.05, 0.03, 0.04, 0.05, 0.04, 0.03, 0.04, 0.05, 0.03, 0.04, 0.03, 0.03, 0.04, 0.04, 0.03, 0.03, 0.05, 0.05, 0.05, 0.03, 0.04, 0.04, 0.05, 0.05, 0.05, 0.05, 0.03, 0.05, 0.05, 0.03, 0.03, 0.05, 0.05, 0.05, 0.05, 0.04, 0.04, 0.03
Discord, 0.05, 0.05, 0.07, 0.08, 0.05, 0.15, 0.14, 0.05, 0.06, 0.09, 0.07, 0.05, 0.05, 0.05, 0.17, 0.16, 0.13, 0.07, 0.08, 0.08, 0.08, 0.09, 0.07, 0.11, 0.04, 0.05, 0.07, 0.05, 0.05, 0.05, 0.06, 0.05, 0.06, 0.04, 0.03, 0.04, 0.05, 0.03, 0.05, 0.07, 0.05, 0.08, 0.04, 0.06, 0.04, 0.05, 0.05, 0.05, 0.09, 0.04, 0.14, 0.07, 0.04, 0.04, 0.05, 0.07, 0.07, 0.10, 0.05, 0.06, 0.03
Facebook, 0.09, 0.09, 0.39, 0.45, 0.11, 0.82, 0.78, 0.23, 0.32, 0.34, 0.29, 0.15, 0.12, 0.06, 0.16, 0.89, 0.48, 0.15, 0.26, 0.11, 0.16, 0.27, 0.12, 0.37, 0.07, 0.07, 0.12, 0.10, 0.07, 0.07, 0.16, 0.06, 0.17, 0.07, 0.06, 0.07, 0.07, 0.05, 0.08, 0.09, 0.09, 0.14, 0.13, 0.23, 0.05, 0.08, 0.22, 0.07, 0.34, 0.07, 0.75, 0.14, 0.19, 0.14, 0.16, 0.23, 0.17, 0.21, 0.15, 0.07, 0.06
Instagram, 0.06, 0.06, 0.23, 0.26, 0.07, 0.46, 0.44, 0.15, 0.18, 0.21, 0.19, 0.10, 0.09, 0.04, 0.13, 0.48, 0.49, 0.12, 0.19, 0.10, 0.14, 0.18, 0.11, 0.27, 0.05, 0.05, 0.09, 0.07, 0.06, 0.06, 0.12, 0.05, 0.13, 0.05, 0.04, 0.05, 0.05, 0.04, 0.06, 0.07, 0.07, 0.10, 0.09, 0.15, 0.04, 0.05, 0.14, 0.05, 0.21, 0.05, 0.44, 0.10, 0.13, 0.10, 0.10, 0.15, 0.14, 0.18, 0.09, 0.06, 0.05
Linkedin, 0.05, 0.04, 0.09, 0.10, 0.05, 0.14, 0.13, 0.06, 0.07, 0.10, 0.07, 0.06, 0.04, 0.04, 0.07, 0.15, 0.12, 0.15, 0.08, 0.07, 0.04, 0.09, 0.06, 0.09, 0.04, 0.04, 0.06, 0.04, 0.03, 0.04, 0.06, 0.04, 0.05, 0.04, 0.03, 0.04, 0.04, 0.03, 0.04, 0.05, 0.05, 0.06, 0.04, 0.06, 0.04, 0.05, 0.06, 0.04, 0.08, 0.04, 0.14, 0.07, 0.04, 0.04, 0.06, 0.07, 0.08, 0.09, 0.06, 0.05, 0.04
Pinterest, 0.05, 0.05, 0.12, 0.13, 0.06, 0.26, 0.23, 0.09, 0.11, 0.11, 0.11, 0.07, 0.06, 0.05, 0.08, 0.26, 0.19, 0.08, 0.27, 0.07, 0.08, 0.12, 0.07, 0.14, 0.04, 0.05, 0.07, 0.05, 0.04, 0.05, 0.08, 0.04, 0.07, 0.04, 0.03, 0.05, 0.05, 0.03, 0.04, 0.06, 0.05, 0.07, 0.06, 0.09, 0.04, 0.05, 0.09, 0.04, 0.11, 0.04, 0.22, 0.07, 0.08, 0.06, 0.08, 0.08, 0.09, 0.11, 0.06, 0.04, 0.04
Reddit, 0.04, 0.04, 0.06, 0.07, 0.04, 0.11, 0.11, 0.04, 0.05, 0.07, 0.05, 0.04, 0.04, 0.04, 0.08, 0.11, 0.10, 0.07, 0.07, 0.12, 0.06, 0.08, 0.07, 0.08, 0.03, 0.04, 0.06, 0.04, 0.04, 0.04, 0.05, 0.04, 0.05, 0.04, 0.03, 0.03, 0.04, 0.03, 0.04, 0.05, 0.04, 0.05, 0.03, 0.04, 0.03, 0.04, 0.04, 0.03, 0.06, 0.04, 0.11, 0.06, 0.03, 0.03, 0.04, 0.06, 0.07, 0.09, 0.04, 0.05, 0.03
Snapchat, 0.05, 0.04, 0.07, 0.07, 0.03, 0.15, 0.14, 0.05, 0.05, 0.07, 0.07, 0.05, 0.04, 0.04, 0.08, 0.16, 0.14, 0.04, 0.08, 0.06, 0.16, 0.08, 0.06, 0.12, 0.03, 0.04, 0.06, 0.03, 0.04, 0.04, 0.06, 0.03, 0.06, 0.03, 0.02, 0.03, 0.04, 0.03, 0.03, 0.05, 0.03, 0.06, 0.04, 0.07, 0.03, 0.04, 0.05, 0.03, 0.09, 0.03, 0.13, 0.05, 0.04, 0.04, 0.05, 0.05, 0.06, 0.08, 0.04, 0.04, 0.03
Telegram, 0.07, 0.06, 0.13, 0.13, 0.06, 0.26, 0.24, 0.08, 0.11, 0.12, 0.10, 0.07, 0.05, 0.05, 0.09, 0.27, 0.18, 0.09, 0.12, 0.08, 0.08, 0.28, 0.08, 0.15, 0.05, 0.06, 0.09, 0.06, 0.05, 0.05, 0.08, 0.04, 0.07, 0.05, 0.04, 0.05, 0.05, 0.04, 0.05, 0.06, 0.06, 0.07, 0.06, 0.10, 0.04, 0.06, 0.08, 0.05, 0.13, 0.04, 0.25, 0.07, 0.07, 0.06, 0.07, 0.08, 0.09, 0.10, 0.07, 0.05, 0.04
Threads, 0.04, 0.04, 0.06, 0.07, 0.04, 0.12, 0.11, 0.05, 0.06, 0.07, 0.06, 0.04, 0.04, 0.04, 0.07, 0.12, 0.11, 0.06, 0.07, 0.07, 0.06, 0.08, 0.12, 0.09, 0.03, 0.04, 0.06, 0.04, 0.04, 0.04, 0.05, 0.04, 0.05, 0.04, 0.03, 0.03, 0.04, 0.02, 0.04, 0.04, 0.04, 0.06, 0.03, 0.05, 0.04, 0.04, 0.05, 0.03, 0.08, 0.04, 0.11, 0.06, 0.04, 0.04, 0.05, 0.06, 0.06, 0.07, 0.05, 0.04, 0.03
Tik ToK, 0.06, 0.06, 0.17, 0.18, 0.06, 0.34, 0.32, 0.13, 0.13, 0.16, 0.15, 0.09, 0.08, 0.05, 0.11, 0.37, 0.27, 0.09, 0.14, 0.08, 0.12, 0.15, 0.09, 0.38, 0.05, 0.06, 0.09, 0.06, 0.05, 0.06, 0.10, 0.05, 0.11, 0.05, 0.04, 0.05, 0.05, 0.04, 0.05, 0.07, 0.06, 0.09, 0.08, 0.13, 0.05, 0.06, 0.11, 0.05, 0.18, 0.05, 0.33, 0.08, 0.09, 0.08, 0.08, 0.10, 0.10, 0.12, 0.08, 0.06, 0.04
Tinder, 0.04, 0.03, 0.05, 0.05, 0.04, 0.06, 0.06, 0.04, 0.04, 0.05, 0.04, 0.03, 0.03, 0.03, 0.04, 0.07, 0.05, 0.04, 0.04, 0.03, 0.03, 0.05, 0.03, 0.05, 0.07, 0.04, 0.04, 0.04, 0.02, 0.03, 0.04, 0.03, 0.03, 0.03, 0.03, 0.03, 0.03, 0.02, 0.03, 0.04, 0.03, 0.04, 0.03, 0.04, 0.03, 0.04, 0.05, 0.03, 0.04, 0.03, 0.06, 0.04, 0.03, 0.03, 0.05, 0.04, 0.04, 0.04, 0.03, 0.03, 0.03
VK, 0.05, 0.04, 0.04, 0.04, 0.04, 0.07, 0.05, 0.04, 0.04, 0.05, 0.04, 0.04, 0.04, 0.04, 0.05, 0.07, 0.05, 0.04, 0.05, 0.04, 0.04, 0.06, 0.04, 0.06, 0.04, 0.08, 0.05, 0.04, 0.03, 0.03, 0.04, 0.03, 0.03, 0.04, 0.02, 0.04, 0.04, 0.03, 0.03, 0.04, 0.04, 0.05, 0.03, 0.04, 0.04, 0.05, 0.05, 0.04, 0.06, 0.03, 0.06, 0.05, 0.03, 0.03, 0.05, 0.05, 0.04, 0.04, 0.05, 0.04, 0.03
X, 0.06, 0.05, 0.07, 0.07, 0.05, 0.12, 0.10, 0.05, 0.06, 0.08, 0.07, 0.05, 0.04, 0.05, 0.07, 0.12, 0.09, 0.06, 0.07, 0.06, 0.06, 0.09, 0.06, 0.09, 0.04, 0.05, 0.13, 0.04, 0.04, 0.04, 0.05, 0.03, 0.05, 0.04, 0.03, 0.04, 0.04, 0.03, 0.04, 0.05, 0.05, 0.06, 0.04, 0.06, 0.04, 0.05, 0.05, 0.05, 0.08, 0.04, 0.11, 0.07, 0.04, 0.04, 0.06, 0.06, 0.06, 0.08, 0.06, 0.04, 0.03
BasketNews, 0.05, 0.05, 0.07, 0.06, 0.05, 0.09, 0.09, 0.06, 0.06, 0.08, 0.06, 0.05, 0.04, 0.04, 0.05, 0.10, 0.07, 0.04, 0.05, 0.04, 0.03, 0.06, 0.04, 0.06, 0.04, 0.04, 0.04, 0.11, 0.03, 0.04, 0.07, 0.04, 0.04, 0.04, 0.05, 0.05, 0.05, 0.04, 0.04, 0.05, 0.05, 0.06, 0.04, 0.05, 0.03, 0.05, 0.06, 0.04, 0.07, 0.04, 0.09, 0.07, 0.04, 0.04, 0.06, 0.07, 0.05, 0.05, 0.05, 0.05, 0.03
Bazaras? Bazaras!, 0.03, 0.03, 0.04, 0.04, 0.03, 0.07, 0.06, 0.03, 0.03, 0.04, 0.04, 0.03, 0.03, 0.03, 0.05, 0.07, 0.06, 0.03, 0.04, 0.04, 0.04, 0.05, 0.04, 0.05, 0.02, 0.03, 0.04, 0.03, 0.07, 0.04, 0.04, 0.04, 0.05, 0.04, 0.02, 0.03, 0.04, 0.02, 0.04, 0.05, 0.03, 0.06, 0.03, 0.04, 0.03, 0.03, 0.03, 0.03, 0.05, 0.02, 0.06, 0.04, 0.03, 0.03, 0.03, 0.03, 0.04, 0.04, 0.03, 0.03, 0.03
Čia tik tarp mūsų, 0.04, 0.04, 0.05, 0.05, 0.04, 0.07, 0.06, 0.04, 0.04, 0.05, 0.05, 0.04, 0.04, 0.04, 0.05, 0.07, 0.06, 0.04, 0.05, 0.04, 0.04, 0.05, 0.04, 0.06, 0.03, 0.03, 0.04, 0.04, 0.04, 0.08, 0.05, 0.04, 0.05, 0.04, 0.03, 0.04, 0.04, 0.03, 0.04, 0.05, 0.05, 0.06, 0.04, 0.05, 0.03, 0.04, 0.05, 0.04, 0.06, 0.03, 0.07, 0.05, 0.03, 0.03, 0.04, 0.05, 0.05, 0.05, 0.04, 0.04, 0.03
Kitokie pasikalbėjimai, 0.06, 0.05, 0.10, 0.10, 0.05, 0.15, 0.14, 0.07, 0.08, 0.09, 0.09, 0.06, 0.06, 0.05, 0.06, 0.16, 0.12, 0.06, 0.08, 0.05, 0.06, 0.08, 0.05, 0.10, 0.04, 0.04, 0.05, 0.07, 0.04, 0.05, 0.17, 0.05, 0.09, 0.05, 0.03, 0.06, 0.06, 0.05, 0.04, 0.07, 0.07, 0.10, 0.05, 0.09, 0.04, 0.05, 0.08, 0.05, 0.11, 0.04, 0.14, 0.07, 0.06, 0.05, 0.07, 0.08, 0.07, 0.08, 0.06, 0.05, 0.04
Klajumo kanalas, 0.04, 0.03, 0.04, 0.04, 0.03, 0.06, 0.05, 0.03, 0.04, 0.04, 0.04, 0.04, 0.03, 0.03, 0.05, 0.06, 0.05, 0.04, 0.04, 0.04, 0.03, 0.04, 0.04, 0.05, 0.03, 0.03, 0.03, 0.04, 0.04, 0.04, 0.05, 0.06, 0.04, 0.04, 0.03, 0.03, 0.04, 0.03, 0.04, 0.04, 0.03, 0.04, 0.03, 0.04, 0.03, 0.03, 0.03, 0.03, 0.04, 0.02, 0.06, 0.04, 0.03, 0.03, 0.03, 0.04, 0.05, 0.04, 0.03, 0.04, 0.03
Nepatogūs klausimai, 0.04, 0.05, 0.12, 0.12, 0.06, 0.16, 0.16, 0.08, 0.08, 0.10, 0.10, 0.06, 0.06, 0.04, 0.06, 0.17, 0.13, 0.05, 0.07, 0.05, 0.06, 0.07, 0.05, 0.11, 0.03, 0.03, 0.05, 0.04, 0.05, 0.05, 0.09, 0.04, 0.17, 0.05, 0.03, 0.05, 0.04, 0.03, 0.05, 0.06, 0.05, 0.08, 0.07, 0.09, 0.04, 0.04, 0.09, 0.04, 0.11, 0.04, 0.15, 0.07, 0.08, 0.06, 0.06, 0.08, 0.07, 0.07, 0.06, 0.04, 0.04
Nesiaukite, 0.04, 0.04, 0.05, 0.05, 0.04, 0.07, 0.06, 0.04, 0.04, 0.05, 0.04, 0.04, 0.04, 0.03, 0.04, 0.07, 0.05, 0.04, 0.04, 0.04, 0.03, 0.05, 0.04, 0.05, 0.03, 0.04, 0.04, 0.04, 0.04, 0.04, 0.05, 0.04, 0.05, 0.07, 0.03, 0.04, 0.05, 0.02, 0.04, 0.05, 0.04, 0.06, 0.03, 0.04, 0.03, 0.04, 0.04, 0.03, 0.05, 0.03, 0.06, 0.05, 0.04, 0.03, 0.04, 0.05, 0.04, 0.04, 0.04, 0.04, 0.03
Penktas kėlinys, 0.03, 0.03, 0.04, 0.04, 0.03, 0.05, 0.05, 0.04, 0.04, 0.04, 0.04, 0.03, 0.03, 0.03, 0.03, 0.06, 0.04, 0.03, 0.03, 0.03, 0.02, 0.04, 0.03, 0.04, 0.03, 0.02, 0.03, 0.05, 0.02, 0.03, 0.03, 0.03, 0.03, 0.03, 0.06, 0.03, 0.03, 0.03, 0.03, 0.03, 0.03, 0.03, 0.03, 0.04, 0.02, 0.02, 0.04, 0.02, 0.04, 0.02, 0.05, 0.04, 0.04, 0.03, 0.04, 0.04, 0.03, 0.04, 0.03, 0.03, 0.03
PIN (Pradėk iš naujo), 0.05, 0.05, 0.05, 0.05, 0.05, 0.07, 0.06, 0.05, 0.05, 0.06, 0.05, 0.04, 0.05, 0.04, 0.04, 0.07, 0.05, 0.04, 0.05, 0.03, 0.03, 0.05, 0.03, 0.05, 0.03, 0.04, 0.04, 0.05, 0.03, 0.04, 0.06, 0.03, 0.05, 0.04, 0.03, 0.08, 0.05, 0.04, 0.04, 0.05, 0.05, 0.05, 0.04, 0.05, 0.04, 0.05, 0.05, 0.05, 0.06, 0.03, 0.06, 0.06, 0.03, 0.03, 0.06, 0.06, 0.04, 0.05, 0.05, 0.04, 0.03
Pralaužk vieną šaltą, 0.04, 0.04, 0.05, 0.05, 0.04, 0.07, 0.06, 0.04, 0.04, 0.05, 0.04, 0.04, 0.04, 0.04, 0.05, 0.07, 0.05, 0.04, 0.05, 0.04, 0.04, 0.05, 0.04, 0.05, 0.03, 0.04, 0.04, 0.05, 0.04, 0.04, 0.06, 0.04, 0.04, 0.05, 0.03, 0.05, 0.08, 0.03, 0.04, 0.06, 0.05, 0.07, 0.03, 0.04, 0.04, 0.05, 0.04, 0.04, 0.05, 0.03, 0.06, 0.06, 0.03, 0.03, 0.05, 0.05, 0.04, 0.05, 0.05, 0.04, 0.03
Proto Industrija, 0.03, 0.03, 0.04, 0.04, 0.03, 0.05, 0.05, 0.03, 0.03, 0.04, 0.04, 0.04, 0.03, 0.03, 0.03, 0.05, 0.04, 0.03, 0.03, 0.03, 0.03, 0.04, 0.02, 0.04, 0.02, 0.03, 0.03, 0.04, 0.02, 0.03, 0.05, 0.03, 0.03, 0.02, 0.03, 0.04, 0.03, 0.06, 0.03, 0.04, 0.03, 0.04, 0.03, 0.03, 0.03, 0.03, 0.04, 0.03, 0.04, 0.02, 0.05, 0.04, 0.03, 0.03, 0.04, 0.04, 0.03, 0.03, 0.03, 0.03, 0.02
Proto pemza, 0.04, 0.04, 0.05, 0.05, 0.04, 0.07, 0.06, 0.03, 0.04, 0.06, 0.04, 0.04, 0.04, 0.03, 0.05, 0.08, 0.06, 0.04, 0.04, 0.04, 0.03, 0.05, 0.04, 0.05, 0.03, 0.03, 0.04, 0.04, 0.04, 0.04, 0.04, 0.04, 0.05, 0.04, 0.03, 0.04, 0.04, 0.03, 0.08, 0.05, 0.04, 0.05, 0.03, 0.04, 0.04, 0.04, 0.04, 0.04, 0.05, 0.03, 0.07, 0.05, 0.03, 0.03, 0.04, 0.05, 0.05, 0.05, 0.04, 0.03, 0.03
Savaitės rifas, 0.05, 0.05, 0.05, 0.06, 0.04, 0.09, 0.07, 0.05, 0.05, 0.07, 0.05, 0.04, 0.04, 0.05, 0.07, 0.09, 0.07, 0.05, 0.06, 0.05, 0.05, 0.06, 0.04, 0.07, 0.04, 0.04, 0.05, 0.05, 0.05, 0.05, 0.07, 0.04, 0.06, 0.05, 0.03, 0.05, 0.06, 0.04, 0.05, 0.10, 0.05, 0.08, 0.04, 0.05, 0.04, 0.05, 0.05, 0.05, 0.07, 0.03, 0.08, 0.06, 0.03, 0.03, 0.05, 0.05, 0.06, 0.07, 0.05, 0.04, 0.03
Tapk geresniu, 0.05, 0.05, 0.05, 0.06, 0.04, 0.08, 0.07, 0.05, 0.05, 0.07, 0.05, 0.04, 0.04, 0.05, 0.05, 0.09, 0.07, 0.05, 0.05, 0.04, 0.03, 0.06, 0.04, 0.06, 0.03, 0.04, 0.05, 0.05, 0.03, 0.05, 0.07, 0.03, 0.05, 0.04, 0.03, 0.05, 0.05, 0.03, 0.04, 0.05, 0.09, 0.07, 0.04, 0.05, 0.04, 0.05, 0.06, 0.04, 0.07, 0.03, 0.08, 0.05, 0.04, 0.03, 0.05, 0.05, 0.05, 0.05, 0.05, 0.04, 0.03
Vėl tie patys, 0.05, 0.06, 0.08, 0.08, 0.05, 0.14, 0.11, 0.05, 0.06, 0.08, 0.08, 0.05, 0.05, 0.05, 0.08, 0.14, 0.10, 0.06, 0.07, 0.05, 0.06, 0.07, 0.06, 0.09, 0.04, 0.05, 0.06, 0.06, 0.06, 0.06, 0.10, 0.04, 0.08, 0.06, 0.03, 0.05, 0.07, 0.04, 0.05, 0.08, 0.07, 0.15, 0.05, 0.07, 0.05, 0.06, 0.06, 0.05, 0.09, 0.03, 0.12, 0.07, 0.05, 0.04, 0.06, 0.07, 0.07, 0.09, 0.06, 0.05, 0.03
15min Klausyk, 0.05, 0.05, 0.12, 0.11, 0.05, 0.13, 0.12, 0.09, 0.09, 0.09, 0.09, 0.06, 0.06, 0.03, 0.04, 0.13, 0.09, 0.04, 0.06, 0.03, 0.04, 0.06, 0.03, 0.08, 0.03, 0.03, 0.04, 0.04, 0.03, 0.04, 0.05, 0.03, 0.07, 0.03, 0.03, 0.04, 0.03, 0.03, 0.03, 0.04, 0.04, 0.05, 0.14, 0.09, 0.03, 0.04, 0.11, 0.03, 0.08, 0.03, 0.13, 0.06, 0.09, 0.09, 0.07, 0.09, 0.05, 0.06, 0.06, 0.03, 0.05
3Play / TV3 Play, 0.06, 0.05, 0.14, 0.15, 0.06, 0.22, 0.21, 0.12, 0.13, 0.13, 0.16, 0.07, 0.08, 0.04, 0.06, 0.23, 0.15, 0.06, 0.09, 0.04, 0.07, 0.10, 0.05, 0.13, 0.04, 0.04, 0.06, 0.05, 0.04, 0.05, 0.09, 0.04, 0.09, 0.04, 0.04, 0.05, 0.04, 0.03, 0.04, 0.05, 0.05, 0.07, 0.09, 0.24, 0.04, 0.05, 0.13, 0.04, 0.18, 0.04, 0.21, 0.07, 0.12, 0.10, 0.08, 0.12, 0.08, 0.08, 0.08, 0.04, 0.05
Amazon Prime, 0.04, 0.04, 0.04, 0.04, 0.04, 0.06, 0.04, 0.04, 0.04, 0.04, 0.04, 0.04, 0.03, 0.04, 0.04, 0.05, 0.04, 0.04, 0.04, 0.03, 0.03, 0.04, 0.04, 0.05, 0.03, 0.04, 0.04, 0.03, 0.03, 0.03, 0.04, 0.03, 0.04, 0.03, 0.02, 0.04, 0.04, 0.03, 0.04, 0.04, 0.04, 0.05, 0.03, 0.04, 0.06, 0.04, 0.04, 0.04, 0.04, 0.03, 0.05, 0.04, 0.03, 0.03, 0.04, 0.04, 0.05, 0.04, 0.04, 0.04, 0.03
Apple TV, 0.06, 0.06, 0.05, 0.05, 0.05, 0.07, 0.06, 0.05, 0.05, 0.07, 0.05, 0.05, 0.05, 0.05, 0.05, 0.08, 0.05, 0.05, 0.05, 0.04, 0.04, 0.06, 0.04, 0.06, 0.04, 0.05, 0.05, 0.05, 0.03, 0.04, 0.05, 0.03, 0.04, 0.04, 0.02, 0.05, 0.05, 0.03, 0.04, 0.05, 0.05, 0.06, 0.04, 0.05, 0.04, 0.09, 0.06, 0.05, 0.06, 0.03, 0.06, 0.06, 0.04, 0.04, 0.06, 0.05, 0.05, 0.05, 0.05, 0.04, 0.04
Delfi TV, 0.07, 0.06, 0.17, 0.19, 0.07, 0.21, 0.21, 0.14, 0.15, 0.16, 0.15, 0.09, 0.08, 0.05, 0.05, 0.22, 0.14, 0.06, 0.09, 0.04, 0.05, 0.08, 0.05, 0.11, 0.05, 0.05, 0.05, 0.06, 0.03, 0.05, 0.08, 0.03, 0.09, 0.04, 0.04, 0.05, 0.04, 0.04, 0.04, 0.05, 0.06, 0.06, 0.11, 0.13, 0.04, 0.06, 0.24, 0.05, 0.12, 0.04, 0.21, 0.09, 0.12, 0.12, 0.11, 0.15, 0.07, 0.08, 0.09, 0.04, 0.05
Disney+, 0.05, 0.05, 0.05, 0.04, 0.04, 0.07, 0.05, 0.04, 0.04, 0.06, 0.05, 0.04, 0.04, 0.05, 0.05, 0.07, 0.05, 0.04, 0.04, 0.03, 0.03, 0.05, 0.03, 0.05, 0.03, 0.04, 0.05, 0.04, 0.03, 0.04, 0.05, 0.03, 0.04, 0.03, 0.02, 0.05, 0.04, 0.03, 0.04, 0.05, 0.04, 0.05, 0.03, 0.04, 0.04, 0.05, 0.05, 0.08, 0.05, 0.03, 0.06, 0.06, 0.03, 0.03, 0.05, 0.04, 0.05, 0.05, 0.05, 0.04, 0.03
Go3, 0.07, 0.07, 0.17, 0.18, 0.07, 0.32, 0.30, 0.13, 0.15, 0.16, 0.16, 0.09, 0.08, 0.05, 0.09, 0.34, 0.21, 0.08, 0.11, 0.06, 0.09, 0.13, 0.08, 0.18, 0.04, 0.06, 0.08, 0.07, 0.05, 0.06, 0.11, 0.04, 0.11, 0.05, 0.04, 0.06, 0.05, 0.04, 0.05, 0.07, 0.07, 0.09, 0.08, 0.18, 0.04, 0.06, 0.12, 0.05, 0.35, 0.05, 0.32, 0.09, 0.11, 0.09, 0.10, 0.13, 0.10, 0.11, 0.09, 0.06, 0.05
HBO, 0.04, 0.04, 0.05, 0.05, 0.04, 0.06, 0.05, 0.04, 0.04, 0.05, 0.04, 0.04, 0.04, 0.03, 0.04, 0.07, 0.05, 0.04, 0.04, 0.04, 0.03, 0.04, 0.04, 0.05, 0.03, 0.03, 0.04, 0.04, 0.02, 0.03, 0.04, 0.02, 0.04, 0.03, 0.02, 0.03, 0.03, 0.02, 0.03, 0.03, 0.03, 0.03, 0.03, 0.04, 0.03, 0.03, 0.04, 0.03, 0.05, 0.07, 0.06, 0.05, 0.03, 0.03, 0.04, 0.04, 0.04, 0.04, 0.04, 0.03, 0.03
Youtube, 0.08, 0.08, 0.37, 0.43, 0.10, 0.75, 0.72, 0.22, 0.31, 0.31, 0.27, 0.14, 0.11, 0.05, 0.14, 0.75, 0.44, 0.14, 0.22, 0.11, 0.13, 0.25, 0.11, 0.33, 0.06, 0.06, 0.11, 0.09, 0.06, 0.07, 0.14, 0.06, 0.15, 0.06, 0.05, 0.06, 0.06, 0.05, 0.07, 0.08, 0.08, 0.12, 0.13, 0.21, 0.05, 0.06, 0.21, 0.06, 0.32, 0.06, 0.79, 0.12, 0.17, 0.13, 0.15, 0.22, 0.16, 0.20, 0.14, 0.06, 0.05
Laisvės TV, 0.06, 0.06, 0.09, 0.09, 0.06, 0.13, 0.12, 0.07, 0.08, 0.12, 0.08, 0.07, 0.06, 0.05, 0.07, 0.14, 0.10, 0.07, 0.07, 0.06, 0.05, 0.07, 0.06, 0.08, 0.04, 0.05, 0.07, 0.07, 0.04, 0.05, 0.07, 0.04, 0.07, 0.05, 0.04, 0.06, 0.06, 0.04, 0.05, 0.06, 0.05, 0.07, 0.06, 0.07, 0.04, 0.06, 0.09, 0.06, 0.09, 0.05, 0.12, 0.15, 0.06, 0.06, 0.09, 0.10, 0.07, 0.08, 0.07, 0.05, 0.04
lnk.lt / LNK Go, 0.04, 0.05, 0.14, 0.14, 0.06, 0.18, 0.18, 0.14, 0.12, 0.13, 0.14, 0.07, 0.06, 0.03, 0.04, 0.19, 0.13, 0.04, 0.08, 0.03, 0.04, 0.07, 0.04, 0.09, 0.03, 0.03, 0.04, 0.04, 0.03, 0.03, 0.06, 0.03, 0.08, 0.04, 0.04, 0.03, 0.03, 0.03, 0.03, 0.03, 0.04, 0.05, 0.09, 0.12, 0.03, 0.04, 0.12, 0.03, 0.11, 0.03, 0.17, 0.06, 0.20, 0.11, 0.08, 0.11, 0.06, 0.06, 0.06, 0.04, 0.04
Lrytas TV, 0.05, 0.05, 0.12, 0.12, 0.05, 0.14, 0.14, 0.10, 0.11, 0.11, 0.10, 0.06, 0.06, 0.03, 0.04, 0.14, 0.10, 0.04, 0.06, 0.03, 0.04, 0.06, 0.04, 0.08, 0.03, 0.03, 0.04, 0.04, 0.03, 0.03, 0.05, 0.03, 0.06, 0.03, 0.03, 0.03, 0.03, 0.03, 0.03, 0.03, 0.03, 0.04, 0.09, 0.10, 0.03, 0.04, 0.12, 0.03, 0.09, 0.03, 0.13, 0.06, 0.11, 0.16, 0.07, 0.10, 0.05, 0.06, 0.06, 0.03, 0.04
LRT Epika, 0.07, 0.06, 0.11, 0.12, 0.07, 0.16, 0.15, 0.09, 0.10, 0.14, 0.10, 0.08, 0.06, 0.05, 0.05, 0.16, 0.10, 0.06, 0.08, 0.04, 0.05, 0.07, 0.05, 0.08, 0.05, 0.05, 0.06, 0.06, 0.03, 0.04, 0.07, 0.03, 0.06, 0.04, 0.04, 0.06, 0.05, 0.04, 0.04, 0.05, 0.05, 0.06, 0.07, 0.08, 0.04, 0.06, 0.11, 0.05, 0.10, 0.04, 0.15, 0.09, 0.08, 0.07, 0.18, 0.13, 0.06, 0.08, 0.08, 0.05, 0.05
LRT Mediateka, 0.07, 0.07, 0.16, 0.18, 0.08, 0.23, 0.22, 0.13, 0.15, 0.21, 0.14, 0.09, 0.08, 0.05, 0.07, 0.23, 0.15, 0.07, 0.08, 0.06, 0.05, 0.08, 0.06, 0.10, 0.04, 0.05, 0.06, 0.07, 0.03, 0.05, 0.08, 0.04, 0.08, 0.05, 0.04, 0.06, 0.05, 0.04, 0.05, 0.05, 0.05, 0.07, 0.09, 0.12, 0.04, 0.05, 0.15, 0.04, 0.13, 0.04, 0.22, 0.10, 0.11, 0.10, 0.13, 0.25, 0.08, 0.10, 0.09, 0.05, 0.05
Netflix, 0.05, 0.05, 0.10, 0.11, 0.05, 0.16, 0.15, 0.07, 0.08, 0.10, 0.08, 0.07, 0.05, 0.05, 0.07, 0.17, 0.14, 0.08, 0.09, 0.07, 0.06, 0.09, 0.06, 0.10, 0.04, 0.04, 0.06, 0.05, 0.04, 0.05, 0.07, 0.05, 0.07, 0.04, 0.03, 0.04, 0.04, 0.03, 0.05, 0.06, 0.05, 0.07, 0.05, 0.08, 0.05, 0.05, 0.07, 0.05, 0.10, 0.04, 0.16, 0.07, 0.06, 0.05, 0.06, 0.08, 0.18, 0.11, 0.06, 0.06, 0.04
Spotify, 0.06, 0.05, 0.11, 0.12, 0.06, 0.21, 0.19, 0.07, 0.09, 0.12, 0.10, 0.06, 0.05, 0.05, 0.10, 0.21, 0.18, 0.09, 0.11, 0.09, 0.08, 0.10, 0.07, 0.12, 0.04, 0.04, 0.08, 0.05, 0.04, 0.05, 0.08, 0.04, 0.07, 0.04, 0.04, 0.05, 0.05, 0.03, 0.05, 0.07, 0.05, 0.09, 0.06, 0.08, 0.04, 0.05, 0.08, 0.05, 0.11, 0.04, 0.20, 0.08, 0.06, 0.06, 0.08, 0.10, 0.11, 0.22, 0.08, 0.06, 0.04
Telia Play, 0.05, 0.05, 0.09, 0.10, 0.06, 0.14, 0.14, 0.07, 0.08, 0.10, 0.08, 0.07, 0.05, 0.04, 0.05, 0.15, 0.09, 0.06, 0.06, 0.04, 0.04, 0.07, 0.05, 0.08, 0.03, 0.05, 0.06, 0.05, 0.03, 0.04, 0.06, 0.03, 0.06, 0.04, 0.03, 0.05, 0.05, 0.03, 0.04, 0.05, 0.05, 0.06, 0.06, 0.08, 0.04, 0.05, 0.09, 0.05, 0.09, 0.04, 0.14, 0.07, 0.06, 0.06, 0.08, 0.09, 0.06, 0.08, 0.16, 0.04, 0.04
Twitch, 0.04, 0.04, 0.05, 0.04, 0.04, 0.07, 0.06, 0.04, 0.05, 0.06, 0.05, 0.04, 0.04, 0.04, 0.06, 0.07, 0.06, 0.05, 0.04, 0.05, 0.04, 0.05, 0.04, 0.06, 0.03, 0.04, 0.04, 0.05, 0.03, 0.04, 0.05, 0.04, 0.04, 0.04, 0.03, 0.04, 0.04, 0.03, 0.03, 0.04, 0.04, 0.05, 0.03, 0.04, 0.04, 0.04, 0.04, 0.04, 0.06, 0.03, 0.06, 0.05, 0.04, 0.03, 0.05, 0.05, 0.06, 0.06, 0.04, 0.08, 0.03
Žmonės Cinema, 0.04, 0.04, 0.05, 0.05, 0.04, 0.05, 0.05, 0.04, 0.04, 0.05, 0.05, 0.04, 0.04, 0.03, 0.03, 0.06, 0.05, 0.04, 0.04, 0.03, 0.03, 0.04, 0.03, 0.04, 0.03, 0.03, 0.03, 0.03, 0.03, 0.03, 0.04, 0.03, 0.04, 0.03, 0.03, 0.03, 0.03, 0.02, 0.03, 0.03, 0.03, 0.03, 0.05, 0.05, 0.03, 0.04, 0.05, 0.03, 0.05, 0.03, 0.05, 0.04, 0.04, 0.04, 0.05, 0.05, 0.04, 0.04, 0.04, 0.03, 0.06

