P(A ∩ B) % of total, BNS, ELTA, 15min.lt, delfi.lt, diena.lt, gmail.com, google.lt, lnk.lt, lrytas.lt, lrt.lt, tv3.lt, vz.lt, zmones.lt, Discord, Facebook, Instagram, Linkedin, Pinterest, Reddit, Snapchat, Telegram, Threads, Tik ToK, Tinder, VK, X, BasketNews, Bazaras? Bazaras!, Kitokie pasikalbėjimai, Koks skirtumas (Klajumo kanalas), Nepatogūs klausimai, Nesiaukite, Penktas kėlinys, PIN (Pradėk iš naujo), Pralaužk vieną šaltą, Proto Industrija, Proto pemza, Savaitės rifas, Tapk geresniu, Vėl tie patys, 15min Klausyk/Žiūrėk, 3Play / TV3 Play, Amazon Prime Video, Apple TV+, Delfi TV, Disney+, Go3, HBO Max, Youtube, Laisvės TV, lnk.lt / LNK Go, Lrytas TV, LRT Epika, LRT Mediateka/Radioteka, Netflix, Spotify, Telia Play, Twitch, Žmonės Cinema
BNS, 0.13, 0.09, 0.08, 0.08, 0.07, 0.11, 0.11, 0.07, 0.08, 0.11, 0.08, 0.09, 0.07, 0.06, 0.13, 0.09, 0.07, 0.07, 0.06, 0.05, 0.09, 0.06, 0.07, 0.06, 0.07, 0.08, 0.08, 0.03, 0.08, 0.03, 0.05, 0.06, 0.04, 0.08, 0.06, 0.05, 0.06, 0.07, 0.08, 0.08, 0.06, 0.06, 0.06, 0.07, 0.08, 0.08, 0.09, 0.07, 0.09, 0.09, 0.06, 0.05, 0.10, 0.08, 0.08, 0.08, 0.09, 0.06, 0.04
ELTA, 0.09, 0.13, 0.10, 0.09, 0.07, 0.13, 0.12, 0.08, 0.09, 0.12, 0.09, 0.09, 0.08, 0.06, 0.13, 0.10, 0.07, 0.07, 0.06, 0.05, 0.09, 0.06, 0.09, 0.06, 0.07, 0.08, 0.08, 0.03, 0.09, 0.03, 0.05, 0.06, 0.04, 0.08, 0.05, 0.05, 0.05, 0.07, 0.09, 0.08, 0.07, 0.07, 0.06, 0.07, 0.09, 0.08, 0.09, 0.06, 0.11, 0.09, 0.07, 0.06, 0.11, 0.09, 0.07, 0.08, 0.09, 0.06, 0.05
15min.lt, 0.08, 0.10, 0.41, 0.33, 0.10, 0.40, 0.40, 0.19, 0.26, 0.28, 0.24, 0.14, 0.13, 0.08, 0.38, 0.23, 0.11, 0.14, 0.08, 0.07, 0.13, 0.08, 0.16, 0.06, 0.07, 0.09, 0.10, 0.05, 0.11, 0.05, 0.09, 0.07, 0.05, 0.07, 0.06, 0.05, 0.06, 0.07, 0.09, 0.10, 0.13, 0.15, 0.05, 0.07, 0.19, 0.08, 0.17, 0.07, 0.36, 0.13, 0.13, 0.13, 0.17, 0.19, 0.12, 0.14, 0.12, 0.06, 0.06
delfi.lt, 0.08, 0.09, 0.33, 0.45, 0.09, 0.44, 0.44, 0.21, 0.27, 0.30, 0.25, 0.14, 0.13, 0.08, 0.42, 0.25, 0.11, 0.14, 0.08, 0.07, 0.13, 0.08, 0.19, 0.06, 0.07, 0.09, 0.10, 0.05, 0.12, 0.05, 0.11, 0.06, 0.05, 0.07, 0.06, 0.05, 0.06, 0.07, 0.09, 0.10, 0.12, 0.14, 0.05, 0.06, 0.19, 0.07, 0.17, 0.06, 0.40, 0.12, 0.14, 0.14, 0.16, 0.18, 0.12, 0.14, 0.12, 0.06, 0.06
diena.lt, 0.07, 0.07, 0.10, 0.09, 0.11, 0.11, 0.11, 0.08, 0.09, 0.10, 0.09, 0.08, 0.07, 0.05, 0.11, 0.08, 0.06, 0.05, 0.05, 0.05, 0.06, 0.05, 0.07, 0.04, 0.05, 0.05, 0.06, 0.03, 0.07, 0.03, 0.05, 0.04, 0.04, 0.06, 0.04, 0.04, 0.04, 0.05, 0.06, 0.06, 0.06, 0.06, 0.04, 0.05, 0.08, 0.06, 0.07, 0.05, 0.10, 0.06, 0.06, 0.06, 0.08, 0.08, 0.06, 0.06, 0.07, 0.04, 0.04
gmail.com, 0.11, 0.13, 0.40, 0.44, 0.11, 0.90, 0.86, 0.27, 0.31, 0.42, 0.34, 0.19, 0.14, 0.16, 0.84, 0.47, 0.16, 0.24, 0.13, 0.14, 0.26, 0.13, 0.36, 0.10, 0.10, 0.14, 0.15, 0.07, 0.18, 0.06, 0.15, 0.09, 0.06, 0.09, 0.08, 0.07, 0.08, 0.11, 0.14, 0.16, 0.16, 0.23, 0.07, 0.08, 0.23, 0.10, 0.32, 0.10, 0.77, 0.19, 0.19, 0.17, 0.24, 0.27, 0.19, 0.24, 0.19, 0.08, 0.06
google.lt, 0.11, 0.12, 0.40, 0.44, 0.11, 0.86, 0.90, 0.27, 0.31, 0.41, 0.33, 0.18, 0.15, 0.16, 0.84, 0.46, 0.16, 0.23, 0.12, 0.13, 0.25, 0.13, 0.36, 0.10, 0.10, 0.13, 0.14, 0.07, 0.18, 0.06, 0.15, 0.09, 0.06, 0.09, 0.08, 0.07, 0.08, 0.10, 0.13, 0.16, 0.15, 0.23, 0.07, 0.08, 0.23, 0.10, 0.32, 0.10, 0.76, 0.19, 0.19, 0.17, 0.23, 0.27, 0.18, 0.23, 0.19, 0.08, 0.06
lnk.lt, 0.07, 0.08, 0.19, 0.21, 0.08, 0.27, 0.27, 0.27, 0.19, 0.21, 0.22, 0.11, 0.10, 0.06, 0.27, 0.16, 0.07, 0.10, 0.06, 0.06, 0.09, 0.06, 0.14, 0.05, 0.06, 0.06, 0.08, 0.04, 0.11, 0.04, 0.09, 0.05, 0.04, 0.06, 0.05, 0.05, 0.05, 0.05, 0.07, 0.08, 0.10, 0.12, 0.05, 0.06, 0.14, 0.07, 0.14, 0.05, 0.25, 0.09, 0.15, 0.12, 0.14, 0.14, 0.09, 0.09, 0.09, 0.05, 0.05
lrytas.lt, 0.08, 0.09, 0.26, 0.27, 0.09, 0.31, 0.31, 0.19, 0.32, 0.24, 0.22, 0.12, 0.11, 0.06, 0.30, 0.17, 0.08, 0.10, 0.06, 0.06, 0.10, 0.06, 0.14, 0.05, 0.06, 0.07, 0.08, 0.04, 0.10, 0.04, 0.08, 0.05, 0.05, 0.06, 0.05, 0.05, 0.05, 0.06, 0.08, 0.08, 0.11, 0.12, 0.05, 0.06, 0.16, 0.07, 0.14, 0.06, 0.29, 0.10, 0.12, 0.13, 0.14, 0.16, 0.09, 0.10, 0.10, 0.05, 0.05
lrt.lt, 0.11, 0.12, 0.28, 0.30, 0.10, 0.42, 0.41, 0.21, 0.24, 0.44, 0.25, 0.16, 0.12, 0.10, 0.41, 0.26, 0.12, 0.15, 0.10, 0.08, 0.15, 0.10, 0.18, 0.08, 0.09, 0.11, 0.12, 0.06, 0.14, 0.05, 0.10, 0.08, 0.05, 0.09, 0.07, 0.06, 0.07, 0.10, 0.12, 0.13, 0.13, 0.15, 0.07, 0.08, 0.20, 0.10, 0.19, 0.08, 0.37, 0.18, 0.14, 0.14, 0.22, 0.24, 0.13, 0.17, 0.15, 0.07, 0.06
tv3.lt, 0.08, 0.09, 0.24, 0.25, 0.09, 0.34, 0.33, 0.22, 0.22, 0.25, 0.34, 0.13, 0.11, 0.08, 0.33, 0.20, 0.09, 0.12, 0.07, 0.07, 0.11, 0.08, 0.17, 0.06, 0.07, 0.08, 0.09, 0.05, 0.12, 0.04, 0.10, 0.06, 0.05, 0.06, 0.05, 0.05, 0.05, 0.07, 0.08, 0.09, 0.10, 0.16, 0.05, 0.06, 0.15, 0.07, 0.17, 0.07, 0.31, 0.11, 0.14, 0.13, 0.15, 0.16, 0.10, 0.10, 0.11, 0.05, 0.06
vz.lt, 0.09, 0.09, 0.14, 0.14, 0.08, 0.19, 0.18, 0.11, 0.12, 0.16, 0.13, 0.20, 0.09, 0.07, 0.19, 0.13, 0.09, 0.08, 0.07, 0.05, 0.09, 0.07, 0.10, 0.05, 0.06, 0.08, 0.08, 0.04, 0.09, 0.04, 0.06, 0.06, 0.04, 0.07, 0.06, 0.05, 0.05, 0.07, 0.08, 0.08, 0.07, 0.08, 0.05, 0.07, 0.09, 0.07, 0.11, 0.06, 0.17, 0.09, 0.07, 0.07, 0.11, 0.11, 0.08, 0.10, 0.09, 0.05, 0.05
zmones.lt, 0.07, 0.08, 0.13, 0.13, 0.07, 0.14, 0.15, 0.10, 0.11, 0.12, 0.11, 0.09, 0.15, 0.05, 0.15, 0.11, 0.06, 0.07, 0.05, 0.05, 0.07, 0.05, 0.08, 0.04, 0.05, 0.06, 0.07, 0.04, 0.08, 0.04, 0.06, 0.04, 0.04, 0.06, 0.05, 0.04, 0.05, 0.05, 0.06, 0.07, 0.07, 0.08, 0.05, 0.06, 0.09, 0.06, 0.09, 0.06, 0.13, 0.08, 0.08, 0.08, 0.09, 0.09, 0.07, 0.07, 0.07, 0.04, 0.05
Discord, 0.06, 0.06, 0.08, 0.08, 0.05, 0.16, 0.16, 0.06, 0.06, 0.10, 0.08, 0.07, 0.05, 0.17, 0.16, 0.14, 0.07, 0.09, 0.09, 0.08, 0.10, 0.07, 0.12, 0.06, 0.06, 0.08, 0.07, 0.05, 0.07, 0.04, 0.05, 0.06, 0.03, 0.06, 0.05, 0.05, 0.05, 0.06, 0.06, 0.07, 0.05, 0.07, 0.05, 0.05, 0.06, 0.06, 0.10, 0.05, 0.15, 0.08, 0.05, 0.05, 0.07, 0.07, 0.08, 0.11, 0.07, 0.07, 0.04
Facebook, 0.13, 0.13, 0.38, 0.42, 0.11, 0.84, 0.84, 0.27, 0.30, 0.41, 0.33, 0.19, 0.15, 0.16, 0.90, 0.48, 0.17, 0.24, 0.13, 0.14, 0.26, 0.14, 0.37, 0.10, 0.11, 0.14, 0.16, 0.07, 0.19, 0.06, 0.15, 0.10, 0.06, 0.10, 0.09, 0.07, 0.08, 0.11, 0.15, 0.17, 0.15, 0.23, 0.07, 0.09, 0.23, 0.12, 0.34, 0.11, 0.75, 0.20, 0.20, 0.17, 0.24, 0.26, 0.19, 0.24, 0.20, 0.09, 0.06
Instagram, 0.09, 0.10, 0.23, 0.25, 0.08, 0.47, 0.46, 0.16, 0.17, 0.26, 0.20, 0.13, 0.11, 0.14, 0.48, 0.49, 0.14, 0.18, 0.11, 0.13, 0.19, 0.13, 0.26, 0.09, 0.09, 0.11, 0.11, 0.07, 0.14, 0.06, 0.12, 0.08, 0.05, 0.08, 0.07, 0.06, 0.07, 0.09, 0.12, 0.14, 0.11, 0.15, 0.07, 0.07, 0.15, 0.09, 0.22, 0.08, 0.42, 0.15, 0.13, 0.10, 0.16, 0.16, 0.15, 0.20, 0.14, 0.07, 0.06
Linkedin, 0.07, 0.07, 0.11, 0.11, 0.06, 0.16, 0.16, 0.07, 0.08, 0.12, 0.09, 0.09, 0.06, 0.07, 0.17, 0.14, 0.17, 0.09, 0.08, 0.06, 0.10, 0.08, 0.10, 0.06, 0.06, 0.09, 0.07, 0.04, 0.07, 0.04, 0.05, 0.06, 0.04, 0.07, 0.06, 0.05, 0.06, 0.07, 0.08, 0.08, 0.06, 0.06, 0.05, 0.06, 0.07, 0.07, 0.10, 0.06, 0.15, 0.10, 0.05, 0.05, 0.09, 0.09, 0.09, 0.10, 0.10, 0.05, 0.04
Pinterest, 0.07, 0.07, 0.14, 0.14, 0.05, 0.24, 0.23, 0.10, 0.10, 0.15, 0.12, 0.08, 0.07, 0.09, 0.24, 0.18, 0.09, 0.25, 0.08, 0.08, 0.12, 0.07, 0.13, 0.06, 0.07, 0.08, 0.06, 0.04, 0.08, 0.04, 0.07, 0.05, 0.03, 0.06, 0.05, 0.05, 0.05, 0.07, 0.08, 0.08, 0.07, 0.09, 0.06, 0.06, 0.10, 0.07, 0.13, 0.06, 0.21, 0.10, 0.08, 0.07, 0.11, 0.10, 0.09, 0.12, 0.09, 0.05, 0.04
Reddit, 0.06, 0.06, 0.08, 0.08, 0.05, 0.13, 0.12, 0.06, 0.06, 0.10, 0.07, 0.07, 0.05, 0.09, 0.13, 0.11, 0.08, 0.08, 0.13, 0.07, 0.09, 0.07, 0.09, 0.06, 0.06, 0.08, 0.07, 0.04, 0.07, 0.04, 0.04, 0.05, 0.03, 0.06, 0.05, 0.04, 0.05, 0.06, 0.06, 0.07, 0.05, 0.05, 0.05, 0.05, 0.06, 0.06, 0.08, 0.05, 0.11, 0.08, 0.05, 0.04, 0.07, 0.07, 0.06, 0.09, 0.07, 0.06, 0.04
Snapchat, 0.05, 0.05, 0.07, 0.07, 0.05, 0.14, 0.13, 0.06, 0.06, 0.08, 0.07, 0.05, 0.05, 0.08, 0.14, 0.13, 0.06, 0.08, 0.07, 0.14, 0.08, 0.07, 0.11, 0.06, 0.05, 0.07, 0.06, 0.05, 0.06, 0.04, 0.05, 0.05, 0.03, 0.05, 0.04, 0.04, 0.04, 0.05, 0.05, 0.06, 0.05, 0.07, 0.05, 0.05, 0.06, 0.06, 0.08, 0.05, 0.13, 0.07, 0.05, 0.04, 0.07, 0.06, 0.07, 0.09, 0.06, 0.05, 0.04
Telegram, 0.09, 0.09, 0.13, 0.13, 0.06, 0.26, 0.25, 0.09, 0.10, 0.15, 0.11, 0.09, 0.07, 0.10, 0.26, 0.19, 0.10, 0.12, 0.09, 0.08, 0.27, 0.08, 0.16, 0.07, 0.10, 0.10, 0.10, 0.04, 0.10, 0.04, 0.06, 0.06, 0.04, 0.08, 0.07, 0.05, 0.06, 0.08, 0.10, 0.10, 0.07, 0.09, 0.06, 0.07, 0.10, 0.09, 0.14, 0.07, 0.22, 0.11, 0.08, 0.07, 0.11, 0.10, 0.10, 0.12, 0.11, 0.07, 0.04
Threads, 0.06, 0.06, 0.08, 0.08, 0.05, 0.13, 0.13, 0.06, 0.06, 0.10, 0.08, 0.07, 0.05, 0.07, 0.14, 0.13, 0.08, 0.07, 0.07, 0.07, 0.08, 0.14, 0.10, 0.06, 0.06, 0.08, 0.06, 0.05, 0.07, 0.04, 0.05, 0.06, 0.03, 0.05, 0.05, 0.04, 0.05, 0.06, 0.07, 0.07, 0.05, 0.06, 0.05, 0.05, 0.06, 0.05, 0.09, 0.05, 0.12, 0.08, 0.05, 0.04, 0.07, 0.06, 0.07, 0.09, 0.07, 0.05, 0.04
Tik ToK, 0.07, 0.09, 0.16, 0.19, 0.07, 0.36, 0.36, 0.14, 0.14, 0.18, 0.17, 0.10, 0.08, 0.12, 0.37, 0.26, 0.10, 0.13, 0.09, 0.11, 0.16, 0.10, 0.38, 0.08, 0.09, 0.10, 0.08, 0.06, 0.12, 0.05, 0.10, 0.07, 0.03, 0.07, 0.06, 0.05, 0.06, 0.09, 0.10, 0.11, 0.08, 0.15, 0.05, 0.06, 0.12, 0.08, 0.18, 0.07, 0.33, 0.11, 0.12, 0.09, 0.12, 0.11, 0.13, 0.14, 0.12, 0.07, 0.05
Tinder, 0.06, 0.06, 0.06, 0.06, 0.04, 0.10, 0.10, 0.05, 0.05, 0.08, 0.06, 0.05, 0.04, 0.06, 0.10, 0.09, 0.06, 0.06, 0.06, 0.06, 0.07, 0.06, 0.08, 0.10, 0.06, 0.06, 0.07, 0.04, 0.06, 0.03, 0.04, 0.05, 0.03, 0.06, 0.04, 0.04, 0.04, 0.06, 0.06, 0.07, 0.05, 0.05, 0.05, 0.05, 0.06, 0.05, 0.07, 0.05, 0.09, 0.07, 0.05, 0.04, 0.07, 0.06, 0.06, 0.07, 0.06, 0.05, 0.04
VK, 0.07, 0.07, 0.07, 0.07, 0.05, 0.10, 0.10, 0.06, 0.06, 0.09, 0.07, 0.06, 0.05, 0.06, 0.11, 0.09, 0.06, 0.07, 0.06, 0.05, 0.10, 0.06, 0.09, 0.06, 0.12, 0.07, 0.08, 0.03, 0.08, 0.03, 0.04, 0.05, 0.03, 0.07, 0.05, 0.04, 0.05, 0.07, 0.08, 0.08, 0.05, 0.05, 0.06, 0.06, 0.07, 0.07, 0.08, 0.06, 0.09, 0.08, 0.06, 0.05, 0.08, 0.06, 0.07, 0.07, 0.08, 0.06, 0.04
X, 0.08, 0.08, 0.09, 0.09, 0.05, 0.14, 0.13, 0.06, 0.07, 0.11, 0.08, 0.08, 0.06, 0.08, 0.14, 0.11, 0.09, 0.08, 0.08, 0.07, 0.10, 0.08, 0.10, 0.06, 0.07, 0.15, 0.08, 0.04, 0.09, 0.04, 0.05, 0.06, 0.04, 0.07, 0.06, 0.05, 0.06, 0.08, 0.08, 0.09, 0.05, 0.06, 0.06, 0.06, 0.07, 0.08, 0.10, 0.06, 0.12, 0.10, 0.05, 0.05, 0.09, 0.09, 0.09, 0.10, 0.09, 0.07, 0.04
BasketNews, 0.08, 0.08, 0.10, 0.10, 0.06, 0.15, 0.14, 0.08, 0.08, 0.12, 0.09, 0.08, 0.07, 0.07, 0.16, 0.11, 0.07, 0.06, 0.07, 0.06, 0.10, 0.06, 0.08, 0.07, 0.08, 0.08, 0.16, 0.04, 0.10, 0.04, 0.05, 0.07, 0.05, 0.08, 0.07, 0.05, 0.06, 0.08, 0.10, 0.11, 0.06, 0.07, 0.06, 0.07, 0.08, 0.08, 0.10, 0.06, 0.13, 0.10, 0.06, 0.06, 0.10, 0.09, 0.08, 0.08, 0.09, 0.07, 0.04
Bazaras? Bazaras!, 0.03, 0.03, 0.05, 0.05, 0.03, 0.07, 0.07, 0.04, 0.04, 0.06, 0.05, 0.04, 0.04, 0.05, 0.07, 0.07, 0.04, 0.04, 0.04, 0.05, 0.04, 0.05, 0.06, 0.04, 0.03, 0.04, 0.04, 0.08, 0.04, 0.05, 0.05, 0.05, 0.03, 0.03, 0.05, 0.03, 0.04, 0.05, 0.04, 0.06, 0.03, 0.04, 0.03, 0.03, 0.04, 0.04, 0.05, 0.03, 0.07, 0.05, 0.04, 0.03, 0.04, 0.04, 0.05, 0.06, 0.05, 0.03, 0.03
Kitokie pasikalbėjimai, 0.08, 0.09, 0.11, 0.12, 0.07, 0.18, 0.18, 0.11, 0.10, 0.14, 0.12, 0.09, 0.08, 0.07, 0.19, 0.14, 0.07, 0.08, 0.07, 0.06, 0.10, 0.07, 0.12, 0.06, 0.08, 0.09, 0.10, 0.04, 0.19, 0.05, 0.10, 0.08, 0.04, 0.09, 0.07, 0.06, 0.06, 0.08, 0.10, 0.11, 0.08, 0.09, 0.06, 0.07, 0.11, 0.09, 0.13, 0.07, 0.16, 0.10, 0.09, 0.08, 0.11, 0.11, 0.09, 0.09, 0.10, 0.06, 0.05
Koks skirtumas (Klajumo kanalas), 0.03, 0.03, 0.05, 0.05, 0.03, 0.06, 0.06, 0.04, 0.04, 0.05, 0.04, 0.04, 0.04, 0.04, 0.06, 0.06, 0.04, 0.04, 0.04, 0.04, 0.04, 0.04, 0.05, 0.03, 0.03, 0.04, 0.04, 0.05, 0.05, 0.07, 0.04, 0.04, 0.03, 0.03, 0.04, 0.03, 0.04, 0.05, 0.05, 0.05, 0.03, 0.04, 0.03, 0.03, 0.03, 0.03, 0.05, 0.03, 0.06, 0.04, 0.03, 0.03, 0.04, 0.04, 0.05, 0.05, 0.04, 0.03, 0.03
Nepatogūs klausimai, 0.05, 0.05, 0.09, 0.11, 0.05, 0.15, 0.15, 0.09, 0.08, 0.10, 0.10, 0.06, 0.06, 0.05, 0.15, 0.12, 0.05, 0.07, 0.04, 0.05, 0.06, 0.05, 0.10, 0.04, 0.04, 0.05, 0.05, 0.05, 0.10, 0.04, 0.16, 0.05, 0.04, 0.04, 0.05, 0.04, 0.05, 0.05, 0.07, 0.08, 0.07, 0.08, 0.04, 0.04, 0.08, 0.04, 0.10, 0.05, 0.15, 0.06, 0.08, 0.07, 0.07, 0.07, 0.08, 0.07, 0.06, 0.04, 0.04
Nesiaukite, 0.06, 0.06, 0.07, 0.06, 0.04, 0.09, 0.09, 0.05, 0.05, 0.08, 0.06, 0.06, 0.04, 0.06, 0.10, 0.08, 0.06, 0.05, 0.05, 0.05, 0.06, 0.06, 0.07, 0.05, 0.05, 0.06, 0.07, 0.05, 0.08, 0.04, 0.05, 0.10, 0.03, 0.06, 0.06, 0.05, 0.05, 0.07, 0.07, 0.08, 0.04, 0.05, 0.04, 0.05, 0.05, 0.05, 0.07, 0.05, 0.08, 0.07, 0.04, 0.04, 0.06, 0.06, 0.06, 0.07, 0.07, 0.05, 0.03
Penktas kėlinys, 0.04, 0.04, 0.05, 0.05, 0.04, 0.06, 0.06, 0.04, 0.05, 0.05, 0.05, 0.04, 0.04, 0.03, 0.06, 0.05, 0.04, 0.03, 0.03, 0.03, 0.04, 0.03, 0.03, 0.03, 0.03, 0.04, 0.05, 0.03, 0.04, 0.03, 0.04, 0.03, 0.06, 0.04, 0.04, 0.03, 0.04, 0.04, 0.04, 0.04, 0.04, 0.04, 0.03, 0.03, 0.04, 0.04, 0.05, 0.04, 0.06, 0.04, 0.04, 0.04, 0.04, 0.04, 0.04, 0.04, 0.04, 0.03, 0.03
PIN (Pradėk iš naujo), 0.08, 0.08, 0.07, 0.07, 0.06, 0.09, 0.09, 0.06, 0.06, 0.09, 0.06, 0.07, 0.06, 0.06, 0.10, 0.08, 0.07, 0.06, 0.06, 0.05, 0.08, 0.05, 0.07, 0.06, 0.07, 0.07, 0.08, 0.03, 0.09, 0.03, 0.04, 0.06, 0.04, 0.10, 0.06, 0.05, 0.06, 0.08, 0.09, 0.08, 0.05, 0.05, 0.06, 0.06, 0.07, 0.08, 0.08, 0.06, 0.07, 0.08, 0.05, 0.04, 0.09, 0.07, 0.07, 0.07, 0.09, 0.06, 0.04
Pralaužk vieną šaltą, 0.06, 0.05, 0.06, 0.06, 0.04, 0.08, 0.08, 0.05, 0.05, 0.07, 0.05, 0.06, 0.05, 0.05, 0.09, 0.07, 0.06, 0.05, 0.05, 0.04, 0.07, 0.05, 0.06, 0.04, 0.05, 0.06, 0.07, 0.05, 0.07, 0.04, 0.05, 0.06, 0.04, 0.06, 0.09, 0.05, 0.06, 0.07, 0.07, 0.07, 0.04, 0.05, 0.05, 0.05, 0.06, 0.06, 0.07, 0.05, 0.07, 0.07, 0.04, 0.04, 0.06, 0.06, 0.07, 0.07, 0.07, 0.05, 0.04
Proto Industrija, 0.05, 0.05, 0.05, 0.05, 0.04, 0.07, 0.07, 0.05, 0.05, 0.06, 0.05, 0.05, 0.04, 0.05, 0.07, 0.06, 0.05, 0.05, 0.04, 0.04, 0.05, 0.04, 0.05, 0.04, 0.04, 0.05, 0.05, 0.03, 0.06, 0.03, 0.04, 0.05, 0.03, 0.05, 0.05, 0.07, 0.04, 0.05, 0.06, 0.05, 0.04, 0.04, 0.04, 0.04, 0.05, 0.05, 0.06, 0.05, 0.07, 0.05, 0.04, 0.04, 0.06, 0.05, 0.06, 0.06, 0.05, 0.04, 0.04
Proto pemza, 0.06, 0.05, 0.06, 0.06, 0.04, 0.08, 0.08, 0.05, 0.05, 0.07, 0.05, 0.05, 0.05, 0.05, 0.08, 0.07, 0.06, 0.05, 0.05, 0.04, 0.06, 0.05, 0.06, 0.04, 0.05, 0.06, 0.06, 0.04, 0.06, 0.04, 0.05, 0.05, 0.04, 0.06, 0.06, 0.04, 0.09, 0.06, 0.07, 0.07, 0.04, 0.04, 0.05, 0.04, 0.05, 0.05, 0.06, 0.05, 0.07, 0.07, 0.04, 0.04, 0.06, 0.05, 0.06, 0.06, 0.07, 0.05, 0.04
Savaitės rifas, 0.07, 0.07, 0.07, 0.07, 0.05, 0.11, 0.10, 0.05, 0.06, 0.10, 0.07, 0.07, 0.05, 0.06, 0.11, 0.09, 0.07, 0.07, 0.06, 0.05, 0.08, 0.06, 0.09, 0.06, 0.07, 0.08, 0.08, 0.05, 0.08, 0.05, 0.05, 0.07, 0.04, 0.08, 0.07, 0.05, 0.06, 0.12, 0.09, 0.09, 0.05, 0.06, 0.05, 0.06, 0.07, 0.07, 0.09, 0.06, 0.09, 0.09, 0.05, 0.04, 0.08, 0.07, 0.08, 0.08, 0.08, 0.06, 0.04
Tapk geresniu, 0.08, 0.09, 0.09, 0.09, 0.06, 0.14, 0.13, 0.07, 0.08, 0.12, 0.08, 0.08, 0.06, 0.06, 0.15, 0.12, 0.08, 0.08, 0.06, 0.05, 0.10, 0.07, 0.10, 0.06, 0.08, 0.08, 0.10, 0.04, 0.10, 0.05, 0.07, 0.07, 0.04, 0.09, 0.07, 0.06, 0.07, 0.09, 0.15, 0.11, 0.06, 0.06, 0.06, 0.07, 0.09, 0.09, 0.10, 0.07, 0.12, 0.10, 0.06, 0.05, 0.11, 0.09, 0.09, 0.09, 0.10, 0.06, 0.05
Vėl tie patys, 0.08, 0.08, 0.10, 0.10, 0.06, 0.16, 0.16, 0.08, 0.08, 0.13, 0.09, 0.08, 0.07, 0.07, 0.17, 0.14, 0.08, 0.08, 0.07, 0.06, 0.10, 0.07, 0.11, 0.07, 0.08, 0.09, 0.11, 0.06, 0.11, 0.05, 0.08, 0.08, 0.04, 0.08, 0.07, 0.05, 0.07, 0.09, 0.11, 0.17, 0.07, 0.07, 0.06, 0.06, 0.09, 0.08, 0.11, 0.07, 0.14, 0.11, 0.07, 0.06, 0.10, 0.08, 0.09, 0.10, 0.10, 0.06, 0.05
15min Klausyk/Žiūrėk, 0.06, 0.07, 0.13, 0.12, 0.06, 0.16, 0.15, 0.10, 0.11, 0.13, 0.10, 0.07, 0.07, 0.05, 0.15, 0.11, 0.06, 0.07, 0.05, 0.05, 0.07, 0.05, 0.08, 0.05, 0.05, 0.05, 0.06, 0.03, 0.08, 0.03, 0.07, 0.04, 0.04, 0.05, 0.04, 0.04, 0.04, 0.05, 0.06, 0.07, 0.16, 0.09, 0.05, 0.05, 0.12, 0.05, 0.09, 0.05, 0.15, 0.08, 0.10, 0.09, 0.10, 0.11, 0.07, 0.07, 0.08, 0.04, 0.05
3Play / TV3 Play, 0.06, 0.07, 0.15, 0.14, 0.06, 0.23, 0.23, 0.12, 0.12, 0.15, 0.16, 0.08, 0.08, 0.07, 0.23, 0.15, 0.06, 0.09, 0.05, 0.07, 0.09, 0.06, 0.15, 0.05, 0.05, 0.06, 0.07, 0.04, 0.09, 0.04, 0.08, 0.05, 0.04, 0.05, 0.05, 0.04, 0.04, 0.06, 0.06, 0.07, 0.09, 0.23, 0.05, 0.05, 0.12, 0.06, 0.17, 0.07, 0.22, 0.09, 0.12, 0.11, 0.10, 0.12, 0.08, 0.09, 0.09, 0.05, 0.05
Amazon Prime Video, 0.06, 0.06, 0.05, 0.05, 0.04, 0.07, 0.07, 0.05, 0.05, 0.07, 0.05, 0.05, 0.05, 0.05, 0.07, 0.07, 0.05, 0.06, 0.05, 0.05, 0.06, 0.05, 0.05, 0.05, 0.06, 0.06, 0.06, 0.03, 0.06, 0.03, 0.04, 0.04, 0.03, 0.06, 0.05, 0.04, 0.05, 0.05, 0.06, 0.06, 0.05, 0.05, 0.08, 0.05, 0.06, 0.06, 0.07, 0.06, 0.07, 0.06, 0.05, 0.04, 0.07, 0.06, 0.06, 0.06, 0.06, 0.05, 0.04
Apple TV+, 0.07, 0.07, 0.07, 0.06, 0.05, 0.08, 0.08, 0.06, 0.06, 0.08, 0.06, 0.07, 0.06, 0.05, 0.09, 0.07, 0.06, 0.06, 0.05, 0.05, 0.07, 0.05, 0.06, 0.05, 0.06, 0.06, 0.07, 0.03, 0.07, 0.03, 0.04, 0.05, 0.03, 0.06, 0.05, 0.04, 0.04, 0.06, 0.07, 0.06, 0.05, 0.05, 0.05, 0.09, 0.06, 0.06, 0.07, 0.06, 0.07, 0.07, 0.05, 0.05, 0.07, 0.07, 0.07, 0.07, 0.07, 0.05, 0.04
Delfi TV, 0.08, 0.09, 0.19, 0.19, 0.08, 0.23, 0.23, 0.14, 0.16, 0.20, 0.15, 0.09, 0.09, 0.06, 0.23, 0.15, 0.07, 0.10, 0.06, 0.06, 0.10, 0.06, 0.12, 0.06, 0.07, 0.07, 0.08, 0.04, 0.11, 0.03, 0.08, 0.05, 0.04, 0.07, 0.06, 0.05, 0.05, 0.07, 0.09, 0.09, 0.12, 0.12, 0.06, 0.06, 0.24, 0.08, 0.13, 0.07, 0.21, 0.11, 0.12, 0.12, 0.14, 0.15, 0.10, 0.10, 0.11, 0.06, 0.06
Disney+, 0.08, 0.08, 0.08, 0.07, 0.06, 0.10, 0.10, 0.07, 0.07, 0.10, 0.07, 0.07, 0.06, 0.06, 0.12, 0.09, 0.07, 0.07, 0.06, 0.06, 0.09, 0.05, 0.08, 0.05, 0.07, 0.08, 0.08, 0.04, 0.09, 0.03, 0.04, 0.05, 0.04, 0.08, 0.06, 0.05, 0.05, 0.07, 0.09, 0.08, 0.05, 0.06, 0.06, 0.06, 0.08, 0.12, 0.10, 0.07, 0.08, 0.10, 0.05, 0.05, 0.10, 0.08, 0.08, 0.08, 0.09, 0.06, 0.05
Go3, 0.09, 0.09, 0.17, 0.17, 0.07, 0.32, 0.32, 0.14, 0.14, 0.19, 0.17, 0.11, 0.09, 0.10, 0.34, 0.22, 0.10, 0.13, 0.08, 0.08, 0.14, 0.09, 0.18, 0.07, 0.08, 0.10, 0.10, 0.05, 0.13, 0.05, 0.10, 0.07, 0.05, 0.08, 0.07, 0.06, 0.06, 0.09, 0.10, 0.11, 0.09, 0.17, 0.07, 0.07, 0.13, 0.10, 0.35, 0.10, 0.30, 0.12, 0.11, 0.10, 0.14, 0.14, 0.13, 0.14, 0.12, 0.07, 0.06
HBO Max, 0.07, 0.06, 0.07, 0.06, 0.05, 0.10, 0.10, 0.05, 0.06, 0.08, 0.07, 0.06, 0.06, 0.05, 0.11, 0.08, 0.06, 0.06, 0.05, 0.05, 0.07, 0.05, 0.07, 0.05, 0.06, 0.06, 0.06, 0.03, 0.07, 0.03, 0.05, 0.05, 0.04, 0.06, 0.05, 0.05, 0.05, 0.06, 0.07, 0.07, 0.05, 0.07, 0.06, 0.06, 0.07, 0.07, 0.10, 0.12, 0.09, 0.08, 0.06, 0.05, 0.09, 0.07, 0.08, 0.08, 0.08, 0.05, 0.04
Youtube, 0.09, 0.11, 0.36, 0.40, 0.10, 0.77, 0.76, 0.25, 0.29, 0.37, 0.31, 0.17, 0.13, 0.15, 0.75, 0.42, 0.15, 0.21, 0.11, 0.13, 0.22, 0.12, 0.33, 0.09, 0.09, 0.12, 0.13, 0.07, 0.16, 0.06, 0.15, 0.08, 0.06, 0.07, 0.07, 0.07, 0.07, 0.09, 0.12, 0.14, 0.15, 0.22, 0.07, 0.07, 0.21, 0.08, 0.30, 0.09, 0.81, 0.17, 0.18, 0.16, 0.21, 0.25, 0.17, 0.22, 0.17, 0.07, 0.06
Laisvės TV, 0.09, 0.09, 0.13, 0.12, 0.06, 0.19, 0.19, 0.09, 0.10, 0.18, 0.11, 0.09, 0.08, 0.08, 0.20, 0.15, 0.10, 0.10, 0.08, 0.07, 0.11, 0.08, 0.11, 0.07, 0.08, 0.10, 0.10, 0.05, 0.10, 0.04, 0.06, 0.07, 0.04, 0.08, 0.07, 0.05, 0.07, 0.09, 0.10, 0.11, 0.08, 0.09, 0.06, 0.07, 0.11, 0.10, 0.12, 0.08, 0.17, 0.21, 0.07, 0.07, 0.13, 0.12, 0.10, 0.12, 0.12, 0.07, 0.04
lnk.lt / LNK Go, 0.06, 0.07, 0.13, 0.14, 0.06, 0.19, 0.19, 0.15, 0.12, 0.14, 0.14, 0.07, 0.08, 0.05, 0.20, 0.13, 0.05, 0.08, 0.05, 0.05, 0.08, 0.05, 0.12, 0.05, 0.06, 0.05, 0.06, 0.04, 0.09, 0.03, 0.08, 0.04, 0.04, 0.05, 0.04, 0.04, 0.04, 0.05, 0.06, 0.07, 0.10, 0.12, 0.05, 0.05, 0.12, 0.05, 0.11, 0.06, 0.18, 0.07, 0.20, 0.11, 0.11, 0.12, 0.08, 0.08, 0.08, 0.04, 0.05
Lrytas TV, 0.05, 0.06, 0.13, 0.14, 0.06, 0.17, 0.17, 0.12, 0.13, 0.14, 0.13, 0.07, 0.08, 0.05, 0.17, 0.10, 0.05, 0.07, 0.04, 0.04, 0.07, 0.04, 0.09, 0.04, 0.05, 0.05, 0.06, 0.03, 0.08, 0.03, 0.07, 0.04, 0.04, 0.04, 0.04, 0.04, 0.04, 0.04, 0.05, 0.06, 0.09, 0.11, 0.04, 0.05, 0.12, 0.05, 0.10, 0.05, 0.16, 0.07, 0.11, 0.18, 0.09, 0.11, 0.06, 0.07, 0.07, 0.04, 0.05
LRT Epika, 0.10, 0.11, 0.17, 0.16, 0.08, 0.24, 0.23, 0.14, 0.14, 0.22, 0.15, 0.11, 0.09, 0.07, 0.24, 0.16, 0.09, 0.11, 0.07, 0.07, 0.11, 0.07, 0.12, 0.07, 0.08, 0.09, 0.10, 0.04, 0.11, 0.04, 0.07, 0.06, 0.04, 0.09, 0.06, 0.06, 0.06, 0.08, 0.11, 0.10, 0.10, 0.10, 0.07, 0.07, 0.14, 0.10, 0.14, 0.09, 0.21, 0.13, 0.11, 0.09, 0.25, 0.17, 0.11, 0.13, 0.12, 0.06, 0.06
LRT Mediateka/Radioteka, 0.08, 0.09, 0.19, 0.18, 0.08, 0.27, 0.27, 0.14, 0.16, 0.24, 0.16, 0.11, 0.09, 0.07, 0.26, 0.16, 0.09, 0.10, 0.07, 0.06, 0.10, 0.06, 0.11, 0.06, 0.06, 0.09, 0.09, 0.04, 0.11, 0.04, 0.07, 0.06, 0.04, 0.07, 0.06, 0.05, 0.05, 0.07, 0.09, 0.08, 0.11, 0.12, 0.06, 0.07, 0.15, 0.08, 0.14, 0.07, 0.25, 0.12, 0.12, 0.11, 0.17, 0.28, 0.10, 0.12, 0.12, 0.05, 0.05
Netflix, 0.08, 0.07, 0.12, 0.12, 0.06, 0.19, 0.18, 0.09, 0.09, 0.13, 0.10, 0.08, 0.07, 0.08, 0.19, 0.15, 0.09, 0.09, 0.06, 0.07, 0.10, 0.07, 0.13, 0.06, 0.07, 0.09, 0.08, 0.05, 0.09, 0.05, 0.08, 0.06, 0.04, 0.07, 0.07, 0.06, 0.06, 0.08, 0.09, 0.09, 0.07, 0.08, 0.06, 0.07, 0.10, 0.08, 0.13, 0.08, 0.17, 0.10, 0.08, 0.06, 0.11, 0.10, 0.20, 0.12, 0.11, 0.06, 0.05
Spotify, 0.08, 0.08, 0.14, 0.14, 0.06, 0.24, 0.23, 0.09, 0.10, 0.17, 0.10, 0.10, 0.07, 0.11, 0.24, 0.20, 0.10, 0.12, 0.09, 0.09, 0.12, 0.09, 0.14, 0.07, 0.07, 0.10, 0.08, 0.06, 0.09, 0.05, 0.07, 0.07, 0.04, 0.07, 0.07, 0.06, 0.06, 0.08, 0.09, 0.10, 0.07, 0.09, 0.06, 0.07, 0.10, 0.08, 0.14, 0.08, 0.22, 0.12, 0.08, 0.07, 0.13, 0.12, 0.12, 0.25, 0.11, 0.07, 0.04
Telia Play, 0.09, 0.09, 0.12, 0.12, 0.07, 0.19, 0.19, 0.09, 0.10, 0.15, 0.11, 0.09, 0.07, 0.07, 0.20, 0.14, 0.10, 0.09, 0.07, 0.06, 0.11, 0.07, 0.12, 0.06, 0.08, 0.09, 0.09, 0.05, 0.10, 0.04, 0.06, 0.07, 0.04, 0.09, 0.07, 0.05, 0.07, 0.08, 0.10, 0.10, 0.08, 0.09, 0.06, 0.07, 0.11, 0.09, 0.12, 0.08, 0.17, 0.12, 0.08, 0.07, 0.12, 0.12, 0.11, 0.11, 0.21, 0.06, 0.05
Twitch, 0.06, 0.06, 0.06, 0.06, 0.04, 0.08, 0.08, 0.05, 0.05, 0.07, 0.05, 0.05, 0.04, 0.07, 0.09, 0.07, 0.05, 0.05, 0.06, 0.05, 0.07, 0.05, 0.07, 0.05, 0.06, 0.07, 0.07, 0.03, 0.06, 0.03, 0.04, 0.05, 0.03, 0.06, 0.05, 0.04, 0.05, 0.06, 0.06, 0.06, 0.04, 0.05, 0.05, 0.05, 0.06, 0.06, 0.07, 0.05, 0.07, 0.07, 0.04, 0.04, 0.06, 0.05, 0.06, 0.07, 0.06, 0.09, 0.04
Žmonės Cinema, 0.04, 0.05, 0.06, 0.06, 0.04, 0.06, 0.06, 0.05, 0.05, 0.06, 0.06, 0.05, 0.05, 0.04, 0.06, 0.06, 0.04, 0.04, 0.04, 0.04, 0.04, 0.04, 0.05, 0.04, 0.04, 0.04, 0.04, 0.03, 0.05, 0.03, 0.04, 0.03, 0.03, 0.04, 0.04, 0.04, 0.04, 0.04, 0.05, 0.05, 0.05, 0.05, 0.04, 0.04, 0.06, 0.05, 0.06, 0.04, 0.06, 0.04, 0.05, 0.05, 0.06, 0.05, 0.05, 0.04, 0.05, 0.04, 0.06
